时间,标的,方向,成交价,评估结果,当日最优价,错失幅度%,备注,最佳时间(EST)
2025/12/13 01:02,GEV,B,673.2,❌ 有更优机会,667.12,0.9,,15:56
2025/12/13 01:02,RKLB,B,61.67,❌ 有更优机会,61.21,0.75,,15:49
2025/12/13 00:39,RKLB,S,60.16,❌ 有更优机会,64.42,7.08,,13:13
2025/12/13 00:09,ASTS,S,76.8,❌ 有更优机会,80.42,4.71,,13:12
2025/12/12 23:35,GDXU,S,245.29,❌ 有更优机会,251.81,2.66,,10:45
2025/12/11 23:35,GDXU,B,245.777,❌ 有更优机会,242.6,1.29,,10:57
2025/12/11 23:35,LITE,S,365.83,❌ 有更优机会,374.97,2.5,,15:48
2025/12/10 23:04,SNDK,S,220.625,❌ 有更优机会,234.17,6.14,,15:50
2025/12/10 23:04,RKLB,B,54.303,❌ 有更优机会,53.35,1.75,,10:36
2025/12/10 23:04,LITE,S,361.48,❌ 有更优机会,376.5,4.16,,15:05
2025/12/9 23:57,SNDK,B,222.002,❌ 有更优机会,217.7,1.94,,11:42
2025/12/9 23:57,RKLB,B,51.53,❌ 有更优机会,51.27,0.5,,14:08
2025/12/9 23:57,SQQQ,S,66.88,❌ 有更优机会,66.94,0.09,,11:44
2025/12/9 22:38,ASTS,B,72.34,❌ 有更优机会,69.82,3.48,,11:10
2025/12/9 22:38,LITE,B,341.29,✅ 交易完美,341.29,0.0,,-
2025/12/9 22:38,SQQQ,S,67.369,❌ 有更优机会,67.51,0.21,,09:48
2025/12/9 00:02,SNDK,S,216.545,❌ 有更优机会,226.67,4.68,,13:16
2025/12/9 00:02,ASTS,S,71.71,❌ 有更优机会,74.75,4.24,,11:29
2025/12/9 00:02,LITE,S,330.71,❌ 有更优机会,345.72,4.54,,15:14
2025/12/9 00:02,SQQQ,B,67.14,❌ 有更优机会,66.72,0.63,,13:00
2025/12/8 23:51,SNDK,S,220.59,❌ 有更优机会,226.67,2.76,,13:16
2025/12/8 23:51,ASTS,S,72.946,❌ 有更优机会,74.75,2.47,,11:29
2025/12/8 23:51,LITE,S,336.44,❌ 有更优机会,345.72,2.76,,15:14
2025/12/8 23:51,SQQQ,B,66.86,❌ 有更优机会,66.72,0.21,,13:00
2025/12/8 22:35,LITE,B,336.69,❌ 有更优机会,328.55,2.42,,11:03
2025/12/8 22:34,GDXU,S,203.22,❌ 有更优机会,207.0,1.86,,09:40
2025/12/6 00:38,SNDK,B,218.575,✅ 交易完美,218.57,0.0,,-
2025/12/6 00:38,RKLB,S,47.94,❌ 有更优机会,49.65,3.57,,15:19
2025/12/6 00:38,ASTS,B,73.16,❌ 有更优机会,72.8,0.49,,11:39
2025/12/5 23:36,RKLB,S,49.44,❌ 有更优机会,49.65,0.42,,15:19
2025/12/5 23:36,ASTS,S,74.23,❌ 有更优机会,75.06,1.12,,13:51
2025/12/5 23:36,GDXU,B,224.382,❌ 有更优机会,204.22,8.99,,15:47
2025/12/5 23:02,SMR,S,21.46,❌ 有更优机会,22.4,4.38,,11:06
2025/12/5 23:02,GDXU,B,217.91,❌ 有更优机会,204.22,6.28,,15:47
2025/12/4 23:58,SMR,B,21.985,❌ 有更优机会,21.78,0.93,,11:11
2025/12/4 23:58,TSLA,S,448.825,❌ 有更优机会,454.63,1.29,,15:59
2025/12/4 23:12,SNDK,B,199.24,❌ 有更优机会,199.09,0.08,,10:16
2025/12/4 23:12,TSLL,S,20.19,❌ 有更优机会,20.59,1.98,,15:59
2025/12/4 23:12,RKLB,S,45.84,❌ 有更优机会,49.68,8.38,,15:54
2025/12/4 23:12,TSLA,B,449.87,❌ 有更优机会,445.39,1.0,,10:26
2025/12/4 22:50,TSLL,B,20.541,❌ 有更优机会,19.79,3.66,,10:26
2025/12/4 22:50,GDXU,S,201.5,❌ 有更优机会,209.55,4.0,,13:53
2025/12/4 22:32,SNDK,B,197.52,❌ 有更优机会,189.68,3.97,,09:43
2025/12/4 22:32,ASTS,S,62.19,❌ 有更优机会,73.85,18.75,,15:08
2025/12/4 22:32,RKLB,S,45.14,❌ 有更优机会,49.68,10.06,,15:54
2025/12/4 01:49,RKLB,B,43.63,无后续行情(尾盘/数据缺),-,0.0,,
2025/12/4 01:49,ASTS,B,58.33,无后续行情(尾盘/数据缺),-,0.0,,
2025/12/4 01:49,FANG,S,158.25,无后续行情(尾盘/数据缺),-,0.0,,
2025/12/4 01:31,RKLB,B,43.525,无后续行情(尾盘/数据缺),-,0.0,,
2025/12/4 01:31,FANG,S,158.815,无后续行情(尾盘/数据缺),-,0.0,,
2025/12/3 23:48,GDXU,B,218.98,无后续行情(尾盘/数据缺),-,0.0,,
2025/12/3 23:48,VIXY,S,30.485,无后续行情(尾盘/数据缺),-,0.0,,
2025/12/3 23:42,SNDK,B,194.75,无后续行情(尾盘/数据缺),-,0.0,,
2025/12/3 23:42,FANG,S,159.16,无后续行情(尾盘/数据缺),-,0.0,,
2025/12/3 23:40,SNDK,B,193.73,无后续行情(尾盘/数据缺),-,0.0,,
2025/12/3 23:40,VIXY,S,30.48,无后续行情(尾盘/数据缺),-,0.0,,
2025/12/3 23:27,ASTS,B,57.715,无后续行情(尾盘/数据缺),-,0.0,,
2025/12/3 23:27,VIXY,S,30.68,无后续行情(尾盘/数据缺),-,0.0,,
2025/12/3 00:30,TSEM,S,115.535,无后续行情(尾盘/数据缺),-,0.0,,
2025/12/3 00:30,FANG,B,155.45,无后续行情(尾盘/数据缺),-,0.0,,
2025/12/3 00:28,RKLB,S,41.88,无后续行情(尾盘/数据缺),-,0.0,,
2025/12/3 00:16,VIXY,B,30.74,无后续行情(尾盘/数据缺),-,0.0,,
2025/12/3 00:16,INTC,S,42.665,无后续行情(尾盘/数据缺),-,0.0,,
2025/12/3 00:00,SNDK,S,194.41,无后续行情(尾盘/数据缺),-,0.0,,
2025/12/3 00:00,VIXY,B,30.66,无后续行情(尾盘/数据缺),-,0.0,,
2025/12/3 00:00,INTC,S,42.96,无后续行情(尾盘/数据缺),-,0.0,,
2025/12/2 23:54,FANG,B,156.053,无后续行情(尾盘/数据缺),-,0.0,,
2025/12/2 23:54,EQT,S,59.745,无后续行情(尾盘/数据缺),-,0.0,,
2025/12/2 23:19,SNDK,S,206.13,无后续行情(尾盘/数据缺),-,0.0,,
2025/12/2 23:19,INTC,B,42.115,无后续行情(尾盘/数据缺),-,0.0,,
2025/12/2 23:16,RKLB,B,42.48,无后续行情(尾盘/数据缺),-,0.0,,
2025/12/2 23:14,SQQQ,S,67.22,无后续行情(尾盘/数据缺),-,0.0,,
2025/12/2 22:50,TSEM,B,117.485,无后续行情(尾盘/数据缺),-,0.0,,
2025/12/2 22:50,INTC,B,41.244,无后续行情(尾盘/数据缺),-,0.0,,
2025/12/2 22:50,EQT,S,59.78,无后续行情(尾盘/数据缺),-,0.0,,
2025/12/2 22:48,INTC,B,40.88,无后续行情(尾盘/数据缺),-,0.0,,
2025/12/2 22:48,XLE,S,89.85,无后续行情(尾盘/数据缺),-,0.0,,
2025/12/1 22:44,XLE,B,91.325,无后续行情(尾盘/数据缺),-,0.0,,
2025/12/1 22:37,GDXU,S,220.0,无后续行情(尾盘/数据缺),-,0.0,,
2025/12/1 22:33,EQT,B,60.77,无后续行情(尾盘/数据缺),-,0.0,,
2025/12/1 22:30,GDXU,S,227.86,无后续行情(尾盘/数据缺),-,0.0,,
2025/11/29 00:07,MSTR,S,182.18,无后续行情(尾盘/数据缺),-,0.0,,
2025/11/29 00:07,EQT,B,60.855,无后续行情(尾盘/数据缺),-,0.0,,
2025/11/28 23:28,SNDK,S,216.72,无后续行情(尾盘/数据缺),-,0.0,,
2025/11/28 23:28,GDXU,S,218.59,无后续行情(尾盘/数据缺),-,0.0,,
2025/11/28 23:28,SQQQ,S,69.4,无后续行情(尾盘/数据缺),-,0.0,,
2025/11/28 23:28,MSTR,B,185.82,无后续行情(尾盘/数据缺),-,0.0,,
2025/11/27 01:20,CWVX,S,5.1,无后续行情(尾盘/数据缺),-,0.0,,
2025/11/27 01:20,SNDK,S,216.241,无后续行情(尾盘/数据缺),-,0.0,,
2025/11/27 01:20,SQQQ,B,69.77,无后续行情(尾盘/数据缺),-,0.0,,
2025/11/27 00:41,CWVX,B,5.416,无后续行情(尾盘/数据缺),-,0.0,,
2025/11/27 00:41,SNDK,S,220.275,无后续行情(尾盘/数据缺),-,0.0,,
2025/11/27 00:41,LITE,S,301.83,无后续行情(尾盘/数据缺),-,0.0,,
2025/11/26 23:30,SNDK,B,214.39,无后续行情(尾盘/数据缺),-,0.0,,
2025/11/26 23:30,LITE,B,300.08,无后续行情(尾盘/数据缺),-,0.0,,
2025/11/26 23:30,VIXY,S,32.14,无后续行情(尾盘/数据缺),-,0.0,,
2025/11/26 23:25,SNDK,B,213.76,无后续行情(尾盘/数据缺),-,0.0,,
2025/11/26 23:25,GDXU,B,197.172,无后续行情(尾盘/数据缺),-,0.0,,
2025/11/26 23:25,VIXY,S,32.17,无后续行情(尾盘/数据缺),-,0.0,,
2025/11/26 23:04,SNDK,S,208.35,无后续行情(尾盘/数据缺),-,0.0,,
2025/11/26 23:04,GDXU,S,193.67,无后续行情(尾盘/数据缺),-,0.0,,
2025/11/26 23:04,VIXY,B,32.298,无后续行情(尾盘/数据缺),-,0.0,,
2025/11/26 22:35,SNDK,B,224.26,无后续行情(尾盘/数据缺),-,0.0,,
2025/11/26 22:35,GDXU,B,193.7,无后续行情(尾盘/数据缺),-,0.0,,
2025/11/26 22:33,ALB,S,123.399,无后续行情(尾盘/数据缺),-,0.0,,
2025/11/25 23:36,SNDK,B,216.418,无后续行情(尾盘/数据缺),-,0.0,,
2025/11/25 23:36,GDXU,S,183.12,无后续行情(尾盘/数据缺),-,0.0,,
2025/11/25 23:36,LITE,S,289.66,无后续行情(尾盘/数据缺),-,0.0,,
2025/11/25 23:36,ALB,B,122.76,无后续行情(尾盘/数据缺),-,0.0,,
2025/11/25 23:05,GDXU,B,177.171,无后续行情(尾盘/数据缺),-,0.0,,
2025/11/25 23:03,BABA,S,158.07,无后续行情(尾盘/数据缺),-,0.0,,
2025/11/25 22:42,GDXU,B,181.3,无后续行情(尾盘/数据缺),-,0.0,,
2025/11/25 22:42,YINN,S,46.29,无后续行情(尾盘/数据缺),-,0.0,,
2025/11/25 21:02,LITE,S,289.05,无后续行情(尾盘/数据缺),-,0.0,,
2025/11/25 21:02,BABA,B,162.855,无后续行情(尾盘/数据缺),-,0.0,,
2025/11/25 21:02,CLS,S,326.0,无后续行情(尾盘/数据缺),-,0.0,,
2025/11/25 00:34,BILI,S,26.325,无后续行情(尾盘/数据缺),-,0.0,,
2025/11/25 00:34,CLS,B,312.7,无后续行情(尾盘/数据缺),-,0.0,,
2025/11/24 22:42,SNDK,B,218.94,无后续行情(尾盘/数据缺),-,0.0,,
2025/11/24 22:42,BILI,B,26.32,无后续行情(尾盘/数据缺),-,0.0,,
2025/11/24 22:42,NAIL,S,52.67,无后续行情(尾盘/数据缺),-,0.0,,
2025/11/24 22:42,YINN,B,45.34,无后续行情(尾盘/数据缺),-,0.0,,
2025/11/22 00:54,SNDK,S,196.63,无后续行情(尾盘/数据缺),-,0.0,,
2025/11/22 00:54,GOOX,S,64.26,无后续行情(尾盘/数据缺),-,0.0,,
2025/11/22 00:54,YINN,B,43.07,无后续行情(尾盘/数据缺),-,0.0,,
2025/11/22 00:42,GOOX,S,64.88,无后续行情(尾盘/数据缺),-,0.0,,
2025/11/22 00:42,NAIL,B,54.055,无后续行情(尾盘/数据缺),-,0.0,,
2025/11/22 00:25,SNDK,B,196.78,无后续行情(尾盘/数据缺),-,0.0,,
2025/11/22 00:25,NAIL,B,53.345,无后续行情(尾盘/数据缺),-,0.0,,
2025/11/22 00:25,LITE,S,243.34,无后续行情(尾盘/数据缺),-,0.0,,
2025/11/22 00:00,NAIL,B,53.55,无后续行情(尾盘/数据缺),-,0.0,,
2025/11/22 00:00,GOOG,S,299.655,无后续行情(尾盘/数据缺),-,0.0,,
2025/11/21 22:31,GOOX,B,65.615,无后续行情(尾盘/数据缺),-,0.0,,
2025/11/21 22:31,LITE,B,256.769,无后续行情(尾盘/数据缺),-,0.0,,
2025/11/21 22:31,BABA,S,151.73,无后续行情(尾盘/数据缺),-,0.0,,
2025/11/21 22:31,GOOG,S,300.35,无后续行情(尾盘/数据缺),-,0.0,,
2025/11/21 21:17,GOOG,B,297.38,无后续行情(尾盘/数据缺),-,0.0,,
2025/11/21 18:43,SNDK,B,205.255,无后续行情(尾盘/数据缺),-,0.0,,
2025/11/21 18:14,LITE,B,255.67,无后续行情(尾盘/数据缺),-,0.0,,
2025/11/21 17:58,BABA,S,153.28,无后续行情(尾盘/数据缺),-,0.0,,
2025/11/21 02:52,SNDK,S,202.39,无后续行情(尾盘/数据缺),-,0.0,,
2025/11/21 02:52,YINN,S,43.33,无后续行情(尾盘/数据缺),-,0.0,,
2025/11/21 02:15,YINN,B,44.11,无后续行情(尾盘/数据缺),-,0.0,,
2025/11/21 02:04,BABA,B,155.935,无后续行情(尾盘/数据缺),-,0.0,,
2025/11/21 01:44,SNDK,S,205.998,无后续行情(尾盘/数据缺),-,0.0,,
2025/11/21 01:44,LITE,S,247.43,无后续行情(尾盘/数据缺),-,0.0,,
2025/11/21 01:39,SNDK,S,207.23,无后续行情(尾盘/数据缺),-,0.0,,
2025/11/21 01:39,LITE,S,247.85,无后续行情(尾盘/数据缺),-,0.0,,
2025/11/21 01:39,YINN,S,43.66,无后续行情(尾盘/数据缺),-,0.0,,
2025/11/21 01:30,LITE,B,251.48,无后续行情(尾盘/数据缺),-,0.0,,
2025/11/21 01:30,YINN,B,43.76,无后续行情(尾盘/数据缺),-,0.0,,
2025/11/21 01:18,SNDK,S,208.155,无后续行情(尾盘/数据缺),-,0.0,,
2025/11/21 01:18,LITE,S,249.69,无后续行情(尾盘/数据缺),-,0.0,,
2025/11/21 01:13,YINN,S,43.615,无后续行情(尾盘/数据缺),-,0.0,,
2025/11/21 00:51,YINN,B,44.07,无后续行情(尾盘/数据缺),-,0.0,,
2025/11/21 00:46,SNDK,B,213.075,无后续行情(尾盘/数据缺),-,0.0,,
2025/11/21 00:46,LITE,B,256.58,无后续行情(尾盘/数据缺),-,0.0,,
2025/11/21 00:38,CLS,S,302.33,无后续行情(尾盘/数据缺),-,0.0,,
2025/11/21 00:35,TSLL,S,17.52,无后续行情(尾盘/数据缺),-,0.0,,
2025/11/20 23:06,TSLL,B,18.238,无后续行情(尾盘/数据缺),-,0.0,,
2025/11/20 23:06,SQM,S,63.13,无后续行情(尾盘/数据缺),-,0.0,,
2025/11/20 22:58,SNDK,B,229.45,无后续行情(尾盘/数据缺),-,0.0,,
2025/11/20 22:58,LITE,S,281.155,无后续行情(尾盘/数据缺),-,0.0,,
2025/11/20 22:38,NEBX,S,45.32,无后续行情(尾盘/数据缺),-,0.0,,
2025/11/20 22:38,LITE,B,275.08,无后续行情(尾盘/数据缺),-,0.0,,
2025/11/20 22:38,CLS,B,320.495,无后续行情(尾盘/数据缺),-,0.0,,
2025/11/19 22:30,LITE,S,260.17,无后续行情(尾盘/数据缺),-,0.0,,
2025/11/19 21:23,MSTX,S,7.485,无后续行情(尾盘/数据缺),-,0.0,,
2025/11/19 00:10,NEBX,B,33.65,无后续行情(尾盘/数据缺),-,0.0,,
2025/11/19 00:10,BE,B,112.001,无后续行情(尾盘/数据缺),-,0.0,,
2025/11/18 23:44,MSTX,B,7.753,无后续行情(尾盘/数据缺),-,0.0,,
2025/11/18 23:44,LITE,S,238.545,无后续行情(尾盘/数据缺),-,0.0,,
2025/11/18 23:09,BE,B,107.15,无后续行情(尾盘/数据缺),-,0.0,,
2025/11/18 23:09,SQM,S,57.495,无后续行情(尾盘/数据缺),-,0.0,,
2025/11/18 23:00,SNDK,S,236.225,无后续行情(尾盘/数据缺),-,0.0,,
2025/11/18 22:56,SNDK,S,237.46,无后续行情(尾盘/数据缺),-,0.0,,
2025/11/18 22:56,LITE,B,242.925,无后续行情(尾盘/数据缺),-,0.0,,
2025/11/18 22:54,LITE,B,242.89,无后续行情(尾盘/数据缺),-,0.0,,
2025/11/18 22:54,CSIQ,S,27.265,无后续行情(尾盘/数据缺),-,0.0,,
2025/11/18 22:40,LITE,B,244.235,无后续行情(尾盘/数据缺),-,0.0,,
2025/11/18 22:40,SQM,S,58.61,无后续行情(尾盘/数据缺),-,0.0,,
2025/11/17 22:49,SQM,B,60.345,无后续行情(尾盘/数据缺),-,0.0,,
2025/11/17 22:41,BE,S,112.001,无后续行情(尾盘/数据缺),-,0.0,,
2025/11/17 22:41,SQM,B,58.88,无后续行情(尾盘/数据缺),-,0.0,,
2025/11/17 22:41,CSIQ,S,30.86,无后续行情(尾盘/数据缺),-,0.0,,
2025/11/15 00:01,SNDK,S,265.769,无后续行情(尾盘/数据缺),-,0.0,,
2025/11/15 00:01,BE,S,114.39,无后续行情(尾盘/数据缺),-,0.0,,
2025/11/15 00:01,CSIQ,B,31.35,无后续行情(尾盘/数据缺),-,0.0,,
2025/11/14 22:34,SNDK,B,241.995,无后续行情(尾盘/数据缺),-,0.0,,
2025/11/14 22:34,BE,B,98.3,无后续行情(尾盘/数据缺),-,0.0,,
2025/11/14 22:32,BE,B,96.15,无后续行情(尾盘/数据缺),-,0.0,,
2025/11/14 22:32,ALB,S,109.48,无后续行情(尾盘/数据缺),-,0.0,,
2025/11/14 00:33,ALB,B,117.93,无后续行情(尾盘/数据缺),-,0.0,,
2025/11/14 00:30,CSIQ,S,28.563,无后续行情(尾盘/数据缺),-,0.0,,
2025/11/14 00:21,SNDK,B,252.895,无后续行情(尾盘/数据缺),-,0.0,,
2025/11/13 23:55,TSEM,S,99.52,无后续行情(尾盘/数据缺),-,0.0,,
2025/11/13 22:42,SNDK,S,261.497,无后续行情(尾盘/数据缺),-,0.0,,
2025/11/13 22:42,FLNC,S,18.147,无后续行情(尾盘/数据缺),-,0.0,,
2025/11/13 22:42,ALB,B,122.991,无后续行情(尾盘/数据缺),-,0.0,,
2025/11/13 22:42,CSIQ,S,28.246,无后续行情(尾盘/数据缺),-,0.0,,
2025/11/12 23:19,FLNC,B,20.3,无后续行情(尾盘/数据缺),-,0.0,,
2025/11/12 23:16,EOSE,S,17.221,无后续行情(尾盘/数据缺),-,0.0,,
2025/11/12 23:16,TSEM,B,104.37,无后续行情(尾盘/数据缺),-,0.0,,
2025/11/12 22:32,RKLB,S,52.585,无后续行情(尾盘/数据缺),-,0.0,,
2025/11/12 00:30,RKLB,S,53.058,无后续行情(尾盘/数据缺),-,0.0,,
2025/11/11 22:46,RKLB,B,55.34,无后续行情(尾盘/数据缺),-,0.0,,
2025/11/11 22:44,XPEV,S,26.8,无后续行情(尾盘/数据缺),-,0.0,,
2025/11/10 22:53,NVDL,S,98.63,无后续行情(尾盘/数据缺),-,0.0,,
2025/11/10 22:53,XPEV,B,24.345,无后续行情(尾盘/数据缺),-,0.0,,
2025/11/10 22:40,MP,S,62.3,无后续行情(尾盘/数据缺),-,0.0,,
2025/11/10 22:40,CSIQ,B,31.75,无后续行情(尾盘/数据缺),-,0.0,,
2025/11/8 04:11,NVDL,B,91.71,无后续行情(尾盘/数据缺),-,0.0,,
2025/11/8 04:11,TNA,S,43.61,无后续行情(尾盘/数据缺),-,0.0,,
2025/11/8 03:21,TNA,B,42.82,无后续行情(尾盘/数据缺),-,0.0,,
2025/11/8 03:20,SNDK,B,224.2,无后续行情(尾盘/数据缺),-,0.0,,
2025/11/8 03:20,MP,B,58.178,无后续行情(尾盘/数据缺),-,0.0,,
2025/11/8 03:20,EOSE,B,17.07,无后续行情(尾盘/数据缺),-,0.0,,
2025/11/8 03:20,BRK.B,S,497.565,错误: Execution failed on sql 'SELECT * FROM stock_1m_BRK.B': no such table: stock_1m_BRK.B,-,0.0,,
2025/11/8 03:20,CSIQ,B,26.9,无后续行情(尾盘/数据缺),-,0.0,,
2025/11/8 03:12,SNDK,B,223.808,无后续行情(尾盘/数据缺),-,0.0,,
2025/11/8 03:12,MP,B,58.0,无后续行情(尾盘/数据缺),-,0.0,,
2025/11/8 03:12,LABD,S,31.965,无后续行情(尾盘/数据缺),-,0.0,,
2025/11/8 00:14,BRK.B,B,499.41,错误: Execution failed on sql 'SELECT * FROM stock_1m_BRK.B': no such table: stock_1m_BRK.B,-,0.0,,
2025/11/8 00:14,LITE,S,230.34,无后续行情(尾盘/数据缺),-,0.0,,
2025/11/8 00:04,MP,S,53.95,无后续行情(尾盘/数据缺),-,0.0,,
2025/11/7 23:59,SNDK,S,207.43,无后续行情(尾盘/数据缺),-,0.0,,
2025/11/7 23:59,LABD,B,33.18,无后续行情(尾盘/数据缺),-,0.0,,
2025/11/7 23:46,AFRM,S,71.015,无后续行情(尾盘/数据缺),-,0.0,,
2025/11/7 23:21,AFRM,S,71.903,无后续行情(尾盘/数据缺),-,0.0,,
2025/11/7 23:21,MP,S,54.49,无后续行情(尾盘/数据缺),-,0.0,,
2025/11/7 23:21,LITE,B,235.655,无后续行情(尾盘/数据缺),-,0.0,,
2025/11/7 22:59,SNDK,B,227.13,无后续行情(尾盘/数据缺),-,0.0,,
2025/11/7 22:59,AFRM,B,73.12,无后续行情(尾盘/数据缺),-,0.0,,
2025/11/7 22:59,MP,B,73.12,无后续行情(尾盘/数据缺),-,0.0,,
2025/11/7 22:59,TLT,S,89.4,无后续行情(尾盘/数据缺),-,0.0,,
2025/11/7 22:53,AFRM,B,72.785,无后续行情(尾盘/数据缺),-,0.0,,
2025/11/7 22:53,TLT,S,89.415,无后续行情(尾盘/数据缺),-,0.0,,
2025/11/7 22:50,MP,B,53.38,无后续行情(尾盘/数据缺),-,0.0,,
2025/11/7 22:50,TLT,S,89.47,无后续行情(尾盘/数据缺),-,0.0,,
2025/11/7 22:48,CSIQ,S,25.33,无后续行情(尾盘/数据缺),-,0.0,,
2025/11/7 19:20,TLT,B,89.435,无后续行情(尾盘/数据缺),-,0.0,,
2025/11/7 19:19,SNDK,S,206.91,无后续行情(尾盘/数据缺),-,0.0,,
2025/11/7 19:19,BABX,S,45.52,无后续行情(尾盘/数据缺),-,0.0,,
2025/11/7 19:19,TSLL,S,19.62,无后续行情(尾盘/数据缺),-,0.0,,
2025/11/7 19:19,XPEV,S,22.97,无后续行情(尾盘/数据缺),-,0.0,,
2025/11/6 23:24,FLNC,S,20.59,无后续行情(尾盘/数据缺),-,0.0,,
2025/11/6 23:24,XPEV,B,24.17,无后续行情(尾盘/数据缺),-,0.0,,
2025/11/6 22:48,SEI,S,52.475,无后续行情(尾盘/数据缺),-,0.0,,
2025/11/6 22:48,BABX,B,49.41,无后续行情(尾盘/数据缺),-,0.0,,
2025/11/5 23:48,BABX,S,47.0,无后续行情(尾盘/数据缺),-,0.0,,
2025/11/5 23:48,FLNC,B,21.2,无后续行情(尾盘/数据缺),-,0.0,,
2025/11/5 22:40,SNDK,S,210.74,无后续行情(尾盘/数据缺),-,0.0,,
2025/11/5 22:40,SEI,B,52.17,无后续行情(尾盘/数据缺),-,0.0,,
2025/11/5 22:40,FLNC,B,20.19,无后续行情(尾盘/数据缺),-,0.0,,
2025/11/5 22:40,CSIQ,B,24.945,无后续行情(尾盘/数据缺),-,0.0,,
2025/11/5 22:33,TSLL,B,20.71,无后续行情(尾盘/数据缺),-,0.0,,
2025/11/5 12:00,BABX,S,46.735,无后续行情(尾盘/数据缺),-,0.0,,
2025/11/5 07:30,ANET,S,146.32,无后续行情(尾盘/数据缺),-,0.0,,
2025/11/4 23:26,BABX,B,47.31,无后续行情(尾盘/数据缺),-,0.0,,
2025/11/4 23:26,BABA,S,165.72,无后续行情(尾盘/数据缺),-,0.0,,
2025/11/4 23:26,ANET,B,156.845,无后续行情(尾盘/数据缺),-,0.0,,
2025/11/4 22:50,SNDK,S,198.28,无后续行情(尾盘/数据缺),-,0.0,,
2025/11/4 22:50,BABA,B,165.35,无后续行情(尾盘/数据缺),-,0.0,,
2025/11/4 22:36,SNDK,B,190.45,无后续行情(尾盘/数据缺),-,0.0,,
2025/11/4 22:36,TSLL,S,20.811,无后续行情(尾盘/数据缺),-,0.0,,
2025/11/3 23:54,SNDK,B,195.24,无后续行情(尾盘/数据缺),-,0.0,,
2025/11/3 23:54,TSLL,B,22.8,无后续行情(尾盘/数据缺),-,0.0,,
2025/11/3 23:54,VIXY,S,33.225,无后续行情(尾盘/数据缺),-,0.0,,
2025/11/3 23:34,SNDK,S,191.495,无后续行情(尾盘/数据缺),-,0.0,,
2025/11/3 23:34,TSLL,S,22.64,无后续行情(尾盘/数据缺),-,0.0,,
2025/11/3 23:34,VIXY,B,33.64,无后续行情(尾盘/数据缺),-,0.0,,
2025/11/3 22:58,NBIS,S,127.805,无后续行情(尾盘/数据缺),-,0.0,,
2025/11/3 22:58,TSLL,B,22.981,无后续行情(尾盘/数据缺),-,0.0,,
2025/11/3 22:50,TSLL,B,22.585,无后续行情(尾盘/数据缺),-,0.0,,
2025/11/3 22:50,CRDO,S,185.87,无后续行情(尾盘/数据缺),-,0.0,,
2025/11/1 03:47,SNDK,B,200.04,无后续行情(尾盘/数据缺),-,0.0,,
2025/11/1 03:47,NBIS,B,131.71,无后续行情(尾盘/数据缺),-,0.0,,
2025/11/1 03:47,CRDO,B,188.13,无后续行情(尾盘/数据缺),-,0.0,,
2025/11/1 03:47,VIXY,S,33.005,无后续行情(尾盘/数据缺),-,0.0,,
2025/11/1 00:13,CRWV,S,133.785,无后续行情(尾盘/数据缺),-,0.0,,
2025/11/1 00:13,VIXY,B,33.22,无后续行情(尾盘/数据缺),-,0.0,,
2025/10/31 23:05,CRWV,B,137.19,无后续行情(尾盘/数据缺),-,0.0,,
2025/10/31 23:05,SNDK,S,198.71,无后续行情(尾盘/数据缺),-,0.0,,
2025/10/31 21:32,NBIS,B,126.6,无后续行情(尾盘/数据缺),-,0.0,,
2025/10/31 21:32,UUUU,S,21.79,无后续行情(尾盘/数据缺),-,0.0,,
2025/10/30 23:45,SNDK,S,196.44,无后续行情(尾盘/数据缺),-,0.0,,
2025/10/30 23:45,CRDO,B,172.435,无后续行情(尾盘/数据缺),-,0.0,,
2025/10/30 22:01,UUUU,B,20.898,无后续行情(尾盘/数据缺),-,0.0,,
2025/10/30 22:01,CRDO,B,177.29,无后续行情(尾盘/数据缺),-,0.0,,
2025/10/30 22:01,BE,S,128.082,无后续行情(尾盘/数据缺),-,0.0,,
2025/10/30 22:01,TSLA,S,452.31,无后续行情(尾盘/数据缺),-,0.0,,
2025/10/30 21:47,SNDK,B,200.11,无后续行情(尾盘/数据缺),-,0.0,,
2025/10/30 21:47,TSLA,B,452.265,无后续行情(尾盘/数据缺),-,0.0,,
2025/10/30 21:44,SQQQ,S,13.215,无后续行情(尾盘/数据缺),-,0.0,,
2025/10/30 21:39,SNDK,B,197.04,无后续行情(尾盘/数据缺),-,0.0,,
2025/10/30 21:39,SQQQ,S,13.22,无后续行情(尾盘/数据缺),-,0.0,,
2025/10/30 20:54,FUTU,S,189.97,无后续行情(尾盘/数据缺),-,0.0,,
2025/10/29 23:14,SNDK,B,193.53,无后续行情(尾盘/数据缺),-,0.0,,
2025/10/29 23:14,TSLL,S,21.826,无后续行情(尾盘/数据缺),-,0.0,,
2025/10/29 23:14,FUTU,B,197.805,无后续行情(尾盘/数据缺),-,0.0,,
2025/10/29 23:14,BE,S,138.86,无后续行情(尾盘/数据缺),-,0.0,,
2025/10/29 21:34,SNDK,B,184.34,无后续行情(尾盘/数据缺),-,0.0,,
2025/10/29 21:34,TSLL,B,22.29,无后续行情(尾盘/数据缺),-,0.0,,
2025/10/29 21:34,BE,B,127.865,无后续行情(尾盘/数据缺),-,0.0,,
2025/10/29 21:33,INTW,S,58.045,无后续行情(尾盘/数据缺),-,0.0,,
2025/10/29 21:33,SMR,S,42.78,无后续行情(尾盘/数据缺),-,0.0,,
2025/10/29 21:33,BE,B,127.0,无后续行情(尾盘/数据缺),-,0.0,,
2025/10/28 23:38,INTW,B,59.17,无后续行情(尾盘/数据缺),-,0.0,,
2025/10/28 23:38,APLD,S,36.579,无后续行情(尾盘/数据缺),-,0.0,,
2025/10/28 23:21,SNDK,B,167.11,无后续行情(尾盘/数据缺),-,0.0,,
2025/10/28 23:21,TSLL,B,22.16,无后续行情(尾盘/数据缺),-,0.0,,
2025/10/28 23:21,BE,S,107.26,无后续行情(尾盘/数据缺),-,0.0,,
2025/10/28 22:57,TSLL,B,22.1,无后续行情(尾盘/数据缺),-,0.0,,
2025/10/28 22:57,BE,B,107.905,无后续行情(尾盘/数据缺),-,0.0,,
2025/10/28 22:57,TSLA,S,461.32,无后续行情(尾盘/数据缺),-,0.0,,
2025/10/28 22:15,SMR,B,42.25,无后续行情(尾盘/数据缺),-,0.0,,
2025/10/28 22:15,APLD,B,36.071,无后续行情(尾盘/数据缺),-,0.0,,
2025/10/28 22:15,BABA,S,178.43,无后续行情(尾盘/数据缺),-,0.0,,
2025/10/28 21:55,BULL,S,11.381,无后续行情(尾盘/数据缺),-,0.0,,
2025/10/28 21:55,TSLA,B,455.77,无后续行情(尾盘/数据缺),-,0.0,,
2025/10/27 23:20,INTC,S,39.51,无后续行情(尾盘/数据缺),-,0.0,,
2025/10/27 23:20,TSLA,B,453.08,无后续行情(尾盘/数据缺),-,0.0,,
2025/10/27 22:44,INTC,B,40.58,无后续行情(尾盘/数据缺),-,0.0,,
2025/10/27 22:44,TSLA,S,447.73,无后续行情(尾盘/数据缺),-,0.0,,
2025/10/27 22:38,SNDK,B,181.055,无后续行情(尾盘/数据缺),-,0.0,,
2025/10/27 22:38,QS,S,16.915,无后续行情(尾盘/数据缺),-,0.0,,
2025/10/27 22:13,SNDK,S,180.37,无后续行情(尾盘/数据缺),-,0.0,,
2025/10/27 22:13,TSLA,B,449.05,无后续行情(尾盘/数据缺),-,0.0,,
2025/10/27 22:08,EOSE,S,16.14,无后续行情(尾盘/数据缺),-,0.0,,
2025/10/27 22:08,INTC,B,40.035,无后续行情(尾盘/数据缺),-,0.0,,
2025/10/27 21:56,BULL,B,11.794,无后续行情(尾盘/数据缺),-,0.0,,
2025/10/27 21:56,SNDK,S,183.705,无后续行情(尾盘/数据缺),-,0.0,,
2025/10/27 21:56,QS,B,17.188,无后续行情(尾盘/数据缺),-,0.0,,
2025/10/27 21:56,EOSE,B,16.24,无后续行情(尾盘/数据缺),-,0.0,,
2025/10/27 21:56,BABA,S,177.7,无后续行情(尾盘/数据缺),-,0.0,,
2025/10/25 00:11,QS,B,16.19,无后续行情(尾盘/数据缺),-,0.0,,
2025/10/25 00:11,EOSE,B,16.12,无后续行情(尾盘/数据缺),-,0.0,,
2025/10/25 00:11,BABA,S,175.18,无后续行情(尾盘/数据缺),-,0.0,,
2025/10/24 21:44,SNDK,S,179.11,无后续行情(尾盘/数据缺),-,0.0,,
2025/10/24 21:44,BABX,S,52.38,无后续行情(尾盘/数据缺),-,0.0,,
2025/10/24 21:44,BABA,B,173.64,无后续行情(尾盘/数据缺),-,0.0,,
2025/10/23 23:05,BABX,B,50.87,无后续行情(尾盘/数据缺),-,0.0,,
2025/10/23 23:05,UUUU,S,22.42,无后续行情(尾盘/数据缺),-,0.0,,
2025/10/23 22:35,BABX,B,50.27,无后续行情(尾盘/数据缺),-,0.0,,
2025/10/23 22:35,BABA,S,170.07,无后续行情(尾盘/数据缺),-,0.0,,
2025/10/23 21:35,SNDK,B,151.07,无后续行情(尾盘/数据缺),-,0.0,,
2025/10/23 21:35,UUUU,S,22.245,无后续行情(尾盘/数据缺),-,0.0,,
2025/10/23 21:35,TSLA,S,415.77,无后续行情(尾盘/数据缺),-,0.0,,
2025/10/23 02:34,SOXS,S,4.366,无后续行情(尾盘/数据缺),-,0.0,,
2025/10/23 02:34,UUUU,B,22.37,无后续行情(尾盘/数据缺),-,0.0,,
2025/10/23 02:27,SOXS,S,4.365,无后续行情(尾盘/数据缺),-,0.0,,
2025/10/23 02:27,UUUU,B,22.15,无后续行情(尾盘/数据缺),-,0.0,,
2025/10/23 02:06,SOXS,S,4.373,无后续行情(尾盘/数据缺),-,0.0,,
2025/10/23 02:06,UUUU,B,21.665,无后续行情(尾盘/数据缺),-,0.0,,
2025/10/23 01:39,SOXS,B,4.391,无后续行情(尾盘/数据缺),-,0.0,,
2025/10/23 01:39,TSLA,S,430.947,无后续行情(尾盘/数据缺),-,0.0,,
2025/10/23 01:24,SOXS,B,4.363,无后续行情(尾盘/数据缺),-,0.0,,
2025/10/23 01:24,UUUU,S,21.125,无后续行情(尾盘/数据缺),-,0.0,,
2025/10/23 01:13,BABX,S,47.36,无后续行情(尾盘/数据缺),-,0.0,,
2025/10/23 01:13,BABA,B,164.94,无后续行情(尾盘/数据缺),-,0.0,,
2025/10/23 01:04,UUUU,B,21.29,无后续行情(尾盘/数据缺),-,0.0,,
2025/10/23 00:50,BE,S,89.745,无后续行情(尾盘/数据缺),-,0.0,,
2025/10/23 00:13,SNDK,S,148.24,无后续行情(尾盘/数据缺),-,0.0,,
2025/10/23 00:13,BE,B,92.83,无后续行情(尾盘/数据缺),-,0.0,,
2025/10/23 00:11,BABX,S,48.1,无后续行情(尾盘/数据缺),-,0.0,,
2025/10/23 00:11,BE,B,91.87,无后续行情(尾盘/数据缺),-,0.0,,
2025/10/22 23:46,SNDK,B,149.38,无后续行情(尾盘/数据缺),-,0.0,,
2025/10/22 23:46,BABX,B,48.17,无后续行情(尾盘/数据缺),-,0.0,,
2025/10/22 23:46,TSLA,B,435.09,无后续行情(尾盘/数据缺),-,0.0,,
2025/10/22 23:43,SOXS,S,4.239,无后续行情(尾盘/数据缺),-,0.0,,
2025/10/22 23:22,SOXS,B,4.26,无后续行情(尾盘/数据缺),-,0.0,,
2025/10/22 23:21,CLS,S,263.76,无后续行情(尾盘/数据缺),-,0.0,,
2025/10/22 22:44,SNDK,S,146.83,无后续行情(尾盘/数据缺),-,0.0,,
2025/10/22 22:44,SOXS,B,4.24,无后续行情(尾盘/数据缺),-,0.0,,
2025/10/22 22:44,CLS,S,266.625,无后续行情(尾盘/数据缺),-,0.0,,
2025/10/22 22:35,SNDK,S,149.069,无后续行情(尾盘/数据缺),-,0.0,,
2025/10/22 22:35,SOXS,B,4.199,无后续行情(尾盘/数据缺),-,0.0,,
2025/10/22 22:31,SNDK,S,148.14,无后续行情(尾盘/数据缺),-,0.0,,
2025/10/22 22:31,SOXS,B,4.175,无后续行情(尾盘/数据缺),-,0.0,,
2025/10/22 22:31,TSLA,S,433.22,无后续行情(尾盘/数据缺),-,0.0,,
2025/10/22 22:19,CLS,B,275.45,无后续行情(尾盘/数据缺),-,0.0,,
2025/10/22 22:19,TSLA,S,439.37,无后续行情(尾盘/数据缺),-,0.0,,
2025/10/22 21:56,CLS,B,277.195,无后续行情(尾盘/数据缺),-,0.0,,
2025/10/22 21:56,TSLA,S,441.905,无后续行情(尾盘/数据缺),-,0.0,,
2025/10/21 22:02,SNDK,B,145.09,无后续行情(尾盘/数据缺),-,0.0,,
2025/10/21 22:02,TSLL,S,20.476,无后续行情(尾盘/数据缺),-,0.0,,
2025/10/21 22:02,CONL,S,36.365,无后续行情(尾盘/数据缺),-,0.0,,
2025/10/21 22:02,TSLA,B,442.69,无后续行情(尾盘/数据缺),-,0.0,,
2025/10/20 22:50,BABX,B,51.01,无后续行情(尾盘/数据缺),-,0.0,,
2025/10/20 22:50,TSLL,S,20.571,无后续行情(尾盘/数据缺),-,0.0,,
2025/10/20 22:08,BABX,S,48.44,无后续行情(尾盘/数据缺),-,0.0,,
2025/10/20 22:08,TSLL,B,20.94,无后续行情(尾盘/数据缺),-,0.0,,
2025/10/20 17:09,SNDK,B,148.0,无后续行情(尾盘/数据缺),-,0.0,,
2025/10/20 17:09,BABX,S,49.075,无后续行情(尾盘/数据缺),-,0.0,,
2025/10/20 17:09,CONL,B,36.975,无后续行情(尾盘/数据缺),-,0.0,,
2025/10/18 00:04,BABX,B,48.37,无后续行情(尾盘/数据缺),-,0.0,,
2025/10/18 00:04,JDST,S,3.814,无后续行情(尾盘/数据缺),-,0.0,,
2025/10/17 22:33,SNDK,S,145.43,无后续行情(尾盘/数据缺),-,0.0,,
2025/10/17 22:33,JDST,B,3.74,无后续行情(尾盘/数据缺),-,0.0,,
2025/10/17 21:55,BABX,B,46.86,无后续行情(尾盘/数据缺),-,0.0,,
2025/10/17 21:55,JDST,S,3.575,无后续行情(尾盘/数据缺),-,0.0,,
2025/10/17 20:06,JDST,B,3.51,无后续行情(尾盘/数据缺),-,0.0,,
2025/10/17 15:29,AMD,S,232.256,无后续行情(尾盘/数据缺),-,0.0,,
2025/10/16 00:16,SNDK,B,142.54,无后续行情(尾盘/数据缺),-,0.0,,
2025/10/16 00:16,APLD,S,37.04,无后续行情(尾盘/数据缺),-,0.0,,
2025/10/16 00:16,AMD,B,235.115,无后续行情(尾盘/数据缺),-,0.0,,
2025/10/15 23:02,SNDK,B,139.805,无后续行情(尾盘/数据缺),-,0.0,,
2025/10/15 23:02,TSLL,S,20.04,无后续行情(尾盘/数据缺),-,0.0,,
2025/10/15 23:02,ARKG,S,31.98,无后续行情(尾盘/数据缺),-,0.0,,
2025/10/15 22:29,NXT,S,90.3,无后续行情(尾盘/数据缺),-,0.0,,
2025/10/15 22:29,TSLL,B,20.24,无后续行情(尾盘/数据缺),-,0.0,,
2025/10/15 22:13,BE,S,120.656,无后续行情(尾盘/数据缺),-,0.0,,
2025/10/15 22:13,ARKG,B,32.05,无后续行情(尾盘/数据缺),-,0.0,,
2025/10/15 22:13,AMD,B,231.59,无后续行情(尾盘/数据缺),-,0.0,,
2025/10/15 22:13,POWI,S,49.585,无后续行情(尾盘/数据缺),-,0.0,,
2025/10/15 21:40,NXT,B,91.915,无后续行情(尾盘/数据缺),-,0.0,,
2025/10/15 21:40,EOSE,S,18.15,无后续行情(尾盘/数据缺),-,0.0,,
2025/10/15 00:30,EOSE,S,17.52,无后续行情(尾盘/数据缺),-,0.0,,
2025/10/15 00:30,BE,S,108.51,无后续行情(尾盘/数据缺),-,0.0,,
2025/10/15 00:30,POWI,B,46.21,无后续行情(尾盘/数据缺),-,0.0,,
2025/10/14 23:48,APLD,B,37.115,无后续行情(尾盘/数据缺),-,0.0,,
2025/10/14 23:48,EOSE,S,17.585,无后续行情(尾盘/数据缺),-,0.0,,
2025/10/14 22:19,EOSE,B,17.205,无后续行情(尾盘/数据缺),-,0.0,,
2025/10/14 22:19,BE,B,104.875,无后续行情(尾盘/数据缺),-,0.0,,
2025/10/14 22:19,VIXY,S,35.85,无后续行情(尾盘/数据缺),-,0.0,,
2025/10/14 22:00,EOSE,B,17.0,无后续行情(尾盘/数据缺),-,0.0,,
2025/10/14 22:00,BE,B,105.417,无后续行情(尾盘/数据缺),-,0.0,,
2025/10/14 21:58,EOSE,B,17.01,无后续行情(尾盘/数据缺),-,0.0,,
2025/10/14 21:58,BE,B,104.925,无后续行情(尾盘/数据缺),-,0.0,,
2025/10/14 21:58,VIXY,S,36.1,无后续行情(尾盘/数据缺),-,0.0,,
2025/10/14 21:50,EOSE,B,16.775,无后续行情(尾盘/数据缺),-,0.0,,
2025/10/14 21:50,VIXY,B,36.44,无后续行情(尾盘/数据缺),-,0.0,,
2025/10/14 21:44,BABA,S,160.815,无后续行情(尾盘/数据缺),-,0.0,,
2025/10/14 21:44,VIXY,B,36.61,无后续行情(尾盘/数据缺),-,0.0,,
2025/10/14 21:44,ORCL,S,292.73,无后续行情(尾盘/数据缺),-,0.0,,
2025/10/14 21:39,EOSE,S,16.44,无后续行情(尾盘/数据缺),-,0.0,,
2025/10/14 21:39,BE,S,103.471,无后续行情(尾盘/数据缺),-,0.0,,
2025/10/13 23:58,EOSE,B,17.185,无后续行情(尾盘/数据缺),-,0.0,,
2025/10/13 23:58,BE,B,111.83,无后续行情(尾盘/数据缺),-,0.0,,
2025/10/13 23:58,SOXS,S,4.23,无后续行情(尾盘/数据缺),-,0.0,,
2025/10/13 23:41,SOXS,S,4.27,无后续行情(尾盘/数据缺),-,0.0,,
2025/10/13 23:41,ORCL,B,309.27,无后续行情(尾盘/数据缺),-,0.0,,
2025/10/13 23:00,SOXS,B,4.37,无后续行情(尾盘/数据缺),-,0.0,,
2025/10/13 22:58,MP,S,97.94,无后续行情(尾盘/数据缺),-,0.0,,
2025/10/13 22:58,UUUU,S,24.42,无后续行情(尾盘/数据缺),-,0.0,,
2025/10/13 22:55,EOSE,B,16.773,无后续行情(尾盘/数据缺),-,0.0,,
2025/10/13 22:54,MP,S,98.415,无后续行情(尾盘/数据缺),-,0.0,,
2025/10/13 21:40,BABA,S,165.605,无后续行情(尾盘/数据缺),-,0.0,,
2025/10/13 16:01,MP,B,87.88,无后续行情(尾盘/数据缺),-,0.0,,
2025/10/13 16:01,BABA,B,167.0,无后续行情(尾盘/数据缺),-,0.0,,
2025/10/13 16:01,SOXS,S,4.36,无后续行情(尾盘/数据缺),-,0.0,,
2025/10/13 16:01,UUUU,B,24.04,无后续行情(尾盘/数据缺),-,0.0,,
2025/10/11 01:34,MP,B,83.06,无后续行情(尾盘/数据缺),-,0.0,,
2025/10/11 01:34,SOXS,S,4.63,无后续行情(尾盘/数据缺),-,0.0,,
2025/10/11 01:19,SQQQ,S,15.615,无后续行情(尾盘/数据缺),-,0.0,,
2025/10/11 00:36,MP,S,81.91,无后续行情(尾盘/数据缺),-,0.0,,
2025/10/11 00:36,SOXS,B,4.635,无后续行情(尾盘/数据缺),-,0.0,,
2025/10/11 00:36,SQQQ,B,15.375,无后续行情(尾盘/数据缺),-,0.0,,
2025/10/11 00:08,MP,B,83.529,无后续行情(尾盘/数据缺),-,0.0,,
2025/10/11 00:08,SOXS,S,4.62,无后续行情(尾盘/数据缺),-,0.0,,
2025/10/11 00:08,SQQQ,S,15.35,无后续行情(尾盘/数据缺),-,0.0,,
2025/10/10 23:08,SOXS,B,4.424,无后续行情(尾盘/数据缺),-,0.0,,
2025/10/10 23:08,SQQQ,B,14.985,无后续行情(尾盘/数据缺),-,0.0,,
2025/10/10 23:05,CWVX,S,22.743,无后续行情(尾盘/数据缺),-,0.0,,
2025/10/10 23:05,BABA,S,167.37,无后续行情(尾盘/数据缺),-,0.0,,
2025/10/10 23:05,ORCL,S,303.355,无后续行情(尾盘/数据缺),-,0.0,,
2025/10/10 23:05,INTC,S,38.06,无后续行情(尾盘/数据缺),-,0.0,,
2025/10/10 22:20,RKLB,S,71.32,无后续行情(尾盘/数据缺),-,0.0,,
2025/10/10 22:20,BABA,B,172.25,无后续行情(尾盘/数据缺),-,0.0,,
2025/10/10 21:38,CWVX,B,24.17,无后续行情(尾盘/数据缺),-,0.0,,
2025/10/10 21:38,RKLB,S,72.32,无后续行情(尾盘/数据缺),-,0.0,,
2025/10/10 21:38,ORCL,S,300.12,无后续行情(尾盘/数据缺),-,0.0,,
2025/10/10 21:38,INTC,S,38.85,无后续行情(尾盘/数据缺),-,0.0,,
2025/10/10 17:11,RKLB,B,71.195,无后续行情(尾盘/数据缺),-,0.0,,
2025/10/10 17:11,JDST,S,4.15,无后续行情(尾盘/数据缺),-,0.0,,
2025/10/10 16:03,ORCL,S,299.95,无后续行情(尾盘/数据缺),-,0.0,,
2025/10/10 01:30,JDST,B,4.228,无后续行情(尾盘/数据缺),-,0.0,,
2025/10/10 01:30,ORCL,S,298.275,无后续行情(尾盘/数据缺),-,0.0,,
2025/10/10 01:09,JDST,B,4.177,无后续行情(尾盘/数据缺),-,0.0,,
2025/10/10 01:09,ORCL,B,297.655,无后续行情(尾盘/数据缺),-,0.0,,
2025/10/10 01:01,CWVX,S,20.75,无后续行情(尾盘/数据缺),-,0.0,,
2025/10/9 22:52,CWVX,B,21.24,无后续行情(尾盘/数据缺),-,0.0,,
2025/10/9 22:45,RKLB,S,66.16,无后续行情(尾盘/数据缺),-,0.0,,
2025/10/9 22:09,INTW,S,47.58,无后续行情(尾盘/数据缺),-,0.0,,
2025/10/9 22:09,AMD,S,234.906,无后续行情(尾盘/数据缺),-,0.0,,
2025/10/9 22:09,ORCL,B,294.466,无后续行情(尾盘/数据缺),-,0.0,,
2025/10/9 21:09,ORCL,B,290.005,无后续行情(尾盘/数据缺),-,0.0,,
2025/10/9 21:09,TSLA,S,431.375,无后续行情(尾盘/数据缺),-,0.0,,
2025/10/9 02:22,RKLB,S,64.285,无后续行情(尾盘/数据缺),-,0.0,,
2025/10/9 02:22,AMD,S,232.24,无后续行情(尾盘/数据缺),-,0.0,,
2025/10/9 02:22,TSLA,B,439.58,无后续行情(尾盘/数据缺),-,0.0,,
2025/10/9 01:10,CWVX,B,21.208,无后续行情(尾盘/数据缺),-,0.0,,
2025/10/9 01:10,RXRX,S,6.175,无后续行情(尾盘/数据缺),-,0.0,,
2025/10/9 00:08,INTW,B,48.57,无后续行情(尾盘/数据缺),-,0.0,,
2025/10/9 00:08,AMDL,S,18.78,无后续行情(尾盘/数据缺),-,0.0,,
2025/10/9 00:08,RXRX,S,6.16,无后续行情(尾盘/数据缺),-,0.0,,
2025/10/8 23:33,AMDL,S,18.88,无后续行情(尾盘/数据缺),-,0.0,,
2025/10/8 23:33,RKLB,S,65.2,无后续行情(尾盘/数据缺),-,0.0,,
2025/10/8 23:33,RXRX,B,5.822,无后续行情(尾盘/数据缺),-,0.0,,
2025/10/8 22:11,AMDL,B,18.505,无后续行情(尾盘/数据缺),-,0.0,,
2025/10/8 22:11,RKLB,B,66.72,无后续行情(尾盘/数据缺),-,0.0,,
2025/10/8 22:11,AMD,B,221.55,无后续行情(尾盘/数据缺),-,0.0,,
2025/10/8 22:11,INTC,S,36.455,无后续行情(尾盘/数据缺),-,0.0,,
2025/10/8 21:56,AMDL,B,18.645,无后续行情(尾盘/数据缺),-,0.0,,
2025/10/8 21:56,TSLA,S,431.12,无后续行情(尾盘/数据缺),-,0.0,,
2025/10/8 00:04,RKLB,B,58.59,无后续行情(尾盘/数据缺),-,0.0,,
2025/10/8 00:04,SOXS,S,4.475,无后续行情(尾盘/数据缺),-,0.0,,
2025/10/8 00:04,AMD,B,213.0,无后续行情(尾盘/数据缺),-,0.0,,
2025/10/8 00:04,INTC,B,36.97,无后续行情(尾盘/数据缺),-,0.0,,
2025/10/7 23:50,SOXS,B,4.541,无后续行情(尾盘/数据缺),-,0.0,,
2025/10/7 23:50,TSLA,S,439.15,无后续行情(尾盘/数据缺),-,0.0,,
2025/10/7 17:43,ALAB,S,220.82,无后续行情(尾盘/数据缺),-,0.0,,
2025/10/7 17:43,AMD,B,217.68,无后续行情(尾盘/数据缺),-,0.0,,
2025/10/7 05:16,RKLB,S,58.9,无后续行情(尾盘/数据缺),-,0.0,,
2025/10/7 05:16,INTC,S,36.89,无后续行情(尾盘/数据缺),-,0.0,,
2025/10/7 05:16,TSLA,B,442.432,无后续行情(尾盘/数据缺),-,0.0,,
2025/10/6 20:02,ALAB,B,223.1,无后续行情(尾盘/数据缺),-,0.0,,
2025/10/6 20:02,SQQQ,S,14.711,无后续行情(尾盘/数据缺),-,0.0,,
2025/10/4 03:26,RKLB,B,56.44,无后续行情(尾盘/数据缺),-,0.0,,
2025/10/4 03:26,SQQQ,S,15.035,无后续行情(尾盘/数据缺),-,0.0,,
2025/10/4 02:50,RKLB,S,55.444,无后续行情(尾盘/数据缺),-,0.0,,
2025/10/4 02:50,SQQQ,B,15.17,无后续行情(尾盘/数据缺),-,0.0,,
2025/10/4 02:23,SQQQ,S,15.01,无后续行情(尾盘/数据缺),-,0.0,,
2025/10/4 02:23,INTC,B,37.255,无后续行情(尾盘/数据缺),-,0.0,,
2025/10/4 01:54,INTW,S,46.6,无后续行情(尾盘/数据缺),-,0.0,,
2025/10/4 01:54,RKLB,S,54.06,无后续行情(尾盘/数据缺),-,0.0,,
2025/10/4 01:54,SQQQ,B,15.17,无后续行情(尾盘/数据缺),-,0.0,,
2025/10/4 01:54,INTC,B,36.816,无后续行情(尾盘/数据缺),-,0.0,,
2025/10/4 01:44,CRWV,S,133.5,无后续行情(尾盘/数据缺),-,0.0,,
2025/10/4 01:44,RKLB,B,55.2,无后续行情(尾盘/数据缺),-,0.0,,
2025/10/4 00:55,RKLB,B,55.282,无后续行情(尾盘/数据缺),-,0.0,,
2025/10/4 00:55,AMD,S,167.59,无后续行情(尾盘/数据缺),-,0.0,,
2025/10/3 23:01,CRWV,B,139.322,无后续行情(尾盘/数据缺),-,0.0,,
2025/10/3 23:01,AMD,S,168.266,无后续行情(尾盘/数据缺),-,0.0,,
2025/10/3 21:42,CRWV,B,138.61,无后续行情(尾盘/数据缺),-,0.0,,
2025/10/3 21:42,RZLV,S,7.235,无后续行情(尾盘/数据缺),-,0.0,,
2025/10/3 21:30,RZLV,B,6.941,无后续行情(尾盘/数据缺),-,0.0,,
2025/10/3 20:33,RZLV,B,6.98,无后续行情(尾盘/数据缺),-,0.0,,
2025/10/3 20:33,AMD,S,170.39,无后续行情(尾盘/数据缺),-,0.0,,
2025/10/2 22:00,CRWV,S,137.355,无后续行情(尾盘/数据缺),-,0.0,,
2025/10/2 22:00,AMD,B,168.33,无后续行情(尾盘/数据缺),-,0.0,,
2025/10/2 21:42,CRWV,B,139.34,无后续行情(尾盘/数据缺),-,0.0,,
2025/10/2 21:42,QS,S,14.63,无后续行情(尾盘/数据缺),-,0.0,,
2025/10/2 21:42,ACMR,S,43.93,无后续行情(尾盘/数据缺),-,0.0,,
2025/10/2 21:42,AMD,B,166.974,无后续行情(尾盘/数据缺),-,0.0,,
2025/10/2 18:55,INTW,S,44.34,无后续行情(尾盘/数据缺),-,0.0,,
2025/10/2 18:55,AMD,B,169.125,无后续行情(尾盘/数据缺),-,0.0,,
2025/10/2 01:22,CRWV,S,135.999,无后续行情(尾盘/数据缺),-,0.0,,
2025/10/2 01:22,SMR,S,36.84,无后续行情(尾盘/数据缺),-,0.0,,
2025/10/2 01:22,QS,B,14.495,无后续行情(尾盘/数据缺),-,0.0,,
2025/10/2 01:22,ACMR,B,42.02,无后续行情(尾盘/数据缺),-,0.0,,
2025/10/2 00:21,CRWV,S,134.75,无后续行情(尾盘/数据缺),-,0.0,,
2025/10/2 00:21,SMR,B,36.69,无后续行情(尾盘/数据缺),-,0.0,,
2025/10/2 00:21,QS,B,14.35,无后续行情(尾盘/数据缺),-,0.0,,
2025/10/2 00:21,ACMR,B,41.005,无后续行情(尾盘/数据缺),-,0.0,,
2025/10/1 02:20,CRWV,B,137.615,无后续行情(尾盘/数据缺),-,0.0,,
2025/10/1 01:20,NBIS,S,112.18,无后续行情(尾盘/数据缺),-,0.0,,
2025/10/1 00:26,CRWV,B,138.93,无后续行情(尾盘/数据缺),-,0.0,,
2025/10/1 00:26,NBIS,S,113.3,无后续行情(尾盘/数据缺),-,0.0,,
2025/9/30 21:54,SNDK,S,117.34,无后续行情(尾盘/数据缺),-,0.0,,
2025/9/30 21:54,NBIS,B,113.295,无后续行情(尾盘/数据缺),-,0.0,,
2025/9/30 20:57,CRCL,S,134.42,无后续行情(尾盘/数据缺),-,0.0,,
2025/9/30 20:57,CRWV,B,133.51,无后续行情(尾盘/数据缺),-,0.0,,
2025/9/30 01:15,CRCL,S,135.0,无后续行情(尾盘/数据缺),-,0.0,,
2025/9/30 01:15,SNDK,B,112.76,无后续行情(尾盘/数据缺),-,0.0,,
2025/9/29 23:52,CRCL,B,136.0,无后续行情(尾盘/数据缺),-,0.0,,
2025/9/29 23:52,TSLA,S,441.036,无后续行情(尾盘/数据缺),-,0.0,,
2025/9/26 23:12,NBIS,S,103.47,无后续行情(尾盘/数据缺),-,0.0,,
2025/9/26 23:12,TSLA,B,427.44,无后续行情(尾盘/数据缺),-,0.0,,
2025/9/26 20:59,TSLA,B,426.698,无后续行情(尾盘/数据缺),-,0.0,,
2025/9/26 16:04,CWEB,S,54.5,无后续行情(尾盘/数据缺),-,0.0,,
2025/9/26 01:57,NBIS,S,107.0,无后续行情(尾盘/数据缺),-,0.0,,
2025/9/25 22:04,INTW,B,37.022,无后续行情(尾盘/数据缺),-,0.0,,
2025/9/25 22:04,NBIS,B,110.53,无后续行情(尾盘/数据缺),-,0.0,,
2025/9/25 22:04,SQQQ,S,15.972,无后续行情(尾盘/数据缺),-,0.0,,
2025/9/25 21:32,NBIS,S,108.97,无后续行情(尾盘/数据缺),-,0.0,,
2025/9/25 21:32,SQQQ,B,15.7,无后续行情(尾盘/数据缺),-,0.0,,
2025/9/25 01:19,INTW,B,33.73,无后续行情(尾盘/数据缺),-,0.0,,
2025/9/25 01:19,SQQQ,S,15.575,无后续行情(尾盘/数据缺),-,0.0,,
2025/9/25 00:29,NBIS,B,112.0,无后续行情(尾盘/数据缺),-,0.0,,
2025/9/25 00:29,SQQQ,S,15.61,无后续行情(尾盘/数据缺),-,0.0,,
2025/9/24 23:54,SQQQ,B,15.55,无后续行情(尾盘/数据缺),-,0.0,,
2025/9/24 23:54,INTW,S,32.372,无后续行情(尾盘/数据缺),-,0.0,,
2025/9/24 23:54,CWEB,S,56.75,无后续行情(尾盘/数据缺),-,0.0,,
2025/9/24 22:05,INTW,B,32.77,无后续行情(尾盘/数据缺),-,0.0,,
2025/9/24 20:12,SNDK,S,105.36,无后续行情(尾盘/数据缺),-,0.0,,
2025/9/24 18:20,NBIS,S,108.447,无后续行情(尾盘/数据缺),-,0.0,,
2025/9/24 18:20,SMR,S,41.69,无后续行情(尾盘/数据缺),-,0.0,,
2025/9/24 18:20,CWEB,B,56.41,无后续行情(尾盘/数据缺),-,0.0,,
2025/9/24 18:20,MU,S,163.1,无后续行情(尾盘/数据缺),-,0.0,,
2025/9/24 00:05,SEI,S,40.35,无后续行情(尾盘/数据缺),-,0.0,,
2025/9/24 00:05,SMR,B,43.17,无后续行情(尾盘/数据缺),-,0.0,,
2025/9/23 23:56,SNDK,B,108.6,无后续行情(尾盘/数据缺),-,0.0,,
2025/9/23 23:56,SEI,S,41.02,无后续行情(尾盘/数据缺),-,0.0,,
2025/9/23 21:53,NBIS,B,108.244,无后续行情(尾盘/数据缺),-,0.0,,
2025/9/23 21:53,SEI,B,42.605,无后续行情(尾盘/数据缺),-,0.0,,
2025/9/23 21:53,NBIS,S,108.73,无后续行情(尾盘/数据缺),-,0.0,,
2025/9/23 21:35,SNDK,B,108.2,无后续行情(尾盘/数据缺),-,0.0,,
2025/9/23 21:35,NBIS,S,107.525,无后续行情(尾盘/数据缺),-,0.0,,
2025/9/23 16:52,SNDK,B,107.495,无后续行情(尾盘/数据缺),-,0.0,,
2025/9/23 16:52,SMR,S,44.14,无后续行情(尾盘/数据缺),-,0.0,,
2025/9/23 16:52,MU,B,166.12,无后续行情(尾盘/数据缺),-,0.0,,
2025/9/23 01:00,SEI,B,40.084,无后续行情(尾盘/数据缺),-,0.0,,
2025/9/23 01:00,TSLL,S,20.27,无后续行情(尾盘/数据缺),-,0.0,,
2025/9/23 01:00,SMR,B,45.4,无后续行情(尾盘/数据缺),-,0.0,,
2025/9/23 00:53,SNDK,S,104.15,无后续行情(尾盘/数据缺),-,0.0,,
2025/9/23 00:53,SEI,B,40.54,无后续行情(尾盘/数据缺),-,0.0,,
2025/9/23 00:33,SEI,B,39.23,无后续行情(尾盘/数据缺),-,0.0,,
2025/9/23 00:33,QS,S,13.595,无后续行情(尾盘/数据缺),-,0.0,,
2025/9/22 23:27,SNDK,S,102.7,无后续行情(尾盘/数据缺),-,0.0,,
2025/9/22 23:27,NBIS,B,100.1,无后续行情(尾盘/数据缺),-,0.0,,
2025/9/22 23:27,QS,B,13.37,无后续行情(尾盘/数据缺),-,0.0,,
2025/9/22 21:52,SNDK,B,104.31,无后续行情(尾盘/数据缺),-,0.0,,
2025/9/22 21:52,NBIS,B,99.14,无后续行情(尾盘/数据缺),-,0.0,,
2025/9/22 21:52,NIO,S,7.119,无后续行情(尾盘/数据缺),-,0.0,,
2025/9/22 21:42,SNDK,B,104.49,无后续行情(尾盘/数据缺),-,0.0,,
2025/9/22 21:42,SMR,S,43.06,无后续行情(尾盘/数据缺),-,0.0,,
2025/9/20 00:23,NBIS,B,96.43,无后续行情(尾盘/数据缺),-,0.0,,
2025/9/20 00:23,TSLL,S,19.355,无后续行情(尾盘/数据缺),-,0.0,,
2025/9/20 00:23,SMR,B,45.065,无后续行情(尾盘/数据缺),-,0.0,,
2025/9/19 23:29,NBIS,B,96.22,无后续行情(尾盘/数据缺),-,0.0,,
2025/9/19 23:29,TSLL,B,19.14,无后续行情(尾盘/数据缺),-,0.0,,
2025/9/19 23:29,UPST,S,68.78,错误: Execution failed on sql 'SELECT * FROM stock_1m_UPST': no such table: stock_1m_UPST,-,0.0,,
2025/9/19 22:31,NBIS,S,95.335,无后续行情(尾盘/数据缺),-,0.0,,
2025/9/19 22:31,MSTX,S,25.105,无后续行情(尾盘/数据缺),-,0.0,,
2025/9/19 22:31,TSLL,B,19.73,无后续行情(尾盘/数据缺),-,0.0,,
2025/9/19 22:31,SMR,B,44.47,无后续行情(尾盘/数据缺),-,0.0,,
2025/9/19 22:31,UPST,B,71.22,错误: Execution failed on sql 'SELECT * FROM stock_1m_UPST': no such table: stock_1m_UPST,-,0.0,,
2025/9/19 22:31,TSLA,S,425.26,无后续行情(尾盘/数据缺),-,0.0,,
2025/9/19 01:00,NBIS,B,96.573,无后续行情(尾盘/数据缺),-,0.0,,
2025/9/19 01:00,MSTX,B,26.573,无后续行情(尾盘/数据缺),-,0.0,,
2025/9/19 01:00,GRAB,S,6.319,无后续行情(尾盘/数据缺),-,0.0,,
2025/9/19 01:00,TSLA,S,425.11,无后续行情(尾盘/数据缺),-,0.0,,
2025/9/18 22:41,MSTX,B,26.0,无后续行情(尾盘/数据缺),-,0.0,,
2025/9/18 22:41,GRAB,S,6.365,无后续行情(尾盘/数据缺),-,0.0,,
2025/9/18 22:41,TSLA,S,428.17,无后续行情(尾盘/数据缺),-,0.0,,
2025/9/18 21:53,NBIS,S,93.55,无后续行情(尾盘/数据缺),-,0.0,,
2025/9/18 21:53,GRAB,B,6.375,无后续行情(尾盘/数据缺),-,0.0,,
2025/9/18 21:53,NIO,S,7.35,无后续行情(尾盘/数据缺),-,0.0,,
2025/9/18 21:53,TSLA,S,427.582,无后续行情(尾盘/数据缺),-,0.0,,
2025/9/18 03:33,NBIS,B,94.255,无后续行情(尾盘/数据缺),-,0.0,,
2025/9/18 03:33,NIO,S,7.31,无后续行情(尾盘/数据缺),-,0.0,,
2025/9/18 03:33,TSLA,S,426.998,无后续行情(尾盘/数据缺),-,0.0,,
2025/9/18 03:18,NIO,B,7.276,无后续行情(尾盘/数据缺),-,0.0,,
2025/9/18 03:18,SQQQ,S,16.31,无后续行情(尾盘/数据缺),-,0.0,,
2025/9/18 03:18,TSLA,B,423.302,无后续行情(尾盘/数据缺),-,0.0,,
2025/9/18 03:09,SQQQ,S,16.28,无后续行情(尾盘/数据缺),-,0.0,,
2025/9/18 03:09,TSLA,B,421.65,无后续行情(尾盘/数据缺),-,0.0,,
2025/9/18 02:49,VIXY,S,32.88,无后续行情(尾盘/数据缺),-,0.0,,
2025/9/18 02:49,TSLA,B,417.458,无后续行情(尾盘/数据缺),-,0.0,,
2025/9/18 02:43,TSLL,S,18.781,无后续行情(尾盘/数据缺),-,0.0,,
2025/9/18 02:43,SQQQ,B,16.611,无后续行情(尾盘/数据缺),-,0.0,,
2025/9/18 02:43,TSLA,B,416.488,无后续行情(尾盘/数据缺),-,0.0,,
2025/9/17 23:12,NIO,B,7.26,无后续行情(尾盘/数据缺),-,0.0,,
2025/9/17 23:12,SOXS,S,6.09,无后续行情(尾盘/数据缺),-,0.0,,
2025/9/17 00:39,TSLL,B,19.306,无后续行情(尾盘/数据缺),-,0.0,,
2025/9/17 00:39,QS,S,10.075,无后续行情(尾盘/数据缺),-,0.0,,
2025/9/17 00:39,SOXS,S,6.164,无后续行情(尾盘/数据缺),-,0.0,,
2025/9/17 00:39,VIXY,S,33.21,无后续行情(尾盘/数据缺),-,0.0,,
2025/9/16 23:51,QS,S,10.22,无后续行情(尾盘/数据缺),-,0.0,,
2025/9/16 23:51,SOXS,B,6.2,无后续行情(尾盘/数据缺),-,0.0,,
2025/9/16 23:50,AAPU,S,28.89,无后续行情(尾盘/数据缺),-,0.0,,
2025/9/16 23:50,SOXS,S,6.194,无后续行情(尾盘/数据缺),-,0.0,,
2025/9/16 23:50,VIXY,B,33.4,无后续行情(尾盘/数据缺),-,0.0,,
2025/9/16 23:10,TSLL,S,18.835,无后续行情(尾盘/数据缺),-,0.0,,
2025/9/16 23:10,AAPU,S,28.84,无后续行情(尾盘/数据缺),-,0.0,,
2025/9/16 23:10,QS,B,10.67,无后续行情(尾盘/数据缺),-,0.0,,
2025/9/15 22:08,TSLL,B,19.26,无后续行情(尾盘/数据缺),-,0.0,,
2025/9/15 22:08,AAPU,S,28.04,无后续行情(尾盘/数据缺),-,0.0,,
2025/9/15 21:33,TSLL,S,19.375,无后续行情(尾盘/数据缺),-,0.0,,
2025/9/15 21:33,AAPU,B,28.5,无后续行情(尾盘/数据缺),-,0.0,,
2025/9/12 22:52,AAPU,B,27.63,无后续行情(尾盘/数据缺),-,0.0,,
2025/9/12 22:52,CONL,S,35.43,无后续行情(尾盘/数据缺),-,0.0,,
2025/9/12 22:00,NBIS,S,89.76,无后续行情(尾盘/数据缺),-,0.0,,
2025/9/12 22:00,CONL,B,35.53,无后续行情(尾盘/数据缺),-,0.0,,
2025/9/12 21:49,NBIS,B,90.785,无后续行情(尾盘/数据缺),-,0.0,,
2025/9/12 21:49,BABX,S,42.55,无后续行情(尾盘/数据缺),-,0.0,,
2025/9/12 21:49,TSLL,B,15.8,无后续行情(尾盘/数据缺),-,0.0,,
2025/9/12 20:14,NBIS,B,90.37,无后续行情(尾盘/数据缺),-,0.0,,
2025/9/12 20:14,BABX,S,41.4,无后续行情(尾盘/数据缺),-,0.0,,
2025/9/12 20:14,TSLL,S,15.164,无后续行情(尾盘/数据缺),-,0.0,,
2025/9/12 20:04,BABX,B,41.32,无后续行情(尾盘/数据缺),-,0.0,,
2025/9/12 20:04,TSLL,B,14.35,无后续行情(尾盘/数据缺),-,0.0,,
2025/9/12 20:04,NIO,S,6.04,无后续行情(尾盘/数据缺),-,0.0,,
2025/9/11 22:56,BABX,B,40.13,无后续行情(尾盘/数据缺),-,0.0,,
2025/9/11 22:56,TSLL,B,14.09,无后续行情(尾盘/数据缺),-,0.0,,
2025/9/11 22:56,NIO,S,6.08,无后续行情(尾盘/数据缺),-,0.0,,
2025/9/11 22:23,NBIS,S,91.66,无后续行情(尾盘/数据缺),-,0.0,,
2025/9/11 22:23,BMNR,S,48.18,无后续行情(尾盘/数据缺),-,0.0,,
2025/9/11 22:23,TSLL,B,13.95,无后续行情(尾盘/数据缺),-,0.0,,
2025/9/11 22:23,NIO,B,6.081,无后续行情(尾盘/数据缺),-,0.0,,
2025/9/11 22:02,NBIS,S,91.6,无后续行情(尾盘/数据缺),-,0.0,,
2025/9/11 22:02,BMNR,B,50.055,无后续行情(尾盘/数据缺),-,0.0,,
2025/9/11 21:30,BMNR,S,46.48,无后续行情(尾盘/数据缺),-,0.0,,
2025/9/11 21:03,NBIS,S,93.32,无后续行情(尾盘/数据缺),-,0.0,,
2025/9/11 21:03,BABX,B,39.97,无后续行情(尾盘/数据缺),-,0.0,,
2025/9/11 01:31,BMNR,S,46.51,无后续行情(尾盘/数据缺),-,0.0,,
2025/9/10 22:49,BABX,S,38.009,无后续行情(尾盘/数据缺),-,0.0,,
2025/9/10 22:49,TSLL,B,13.67,无后续行情(尾盘/数据缺),-,0.0,,
2025/9/10 21:51,BMNR,B,47.66,无后续行情(尾盘/数据缺),-,0.0,,
2025/9/10 21:51,BABX,S,38.38,无后续行情(尾盘/数据缺),-,0.0,,
2025/9/10 21:31,NBIS,B,94.525,无后续行情(尾盘/数据缺),-,0.0,,
2025/9/10 21:31,BABX,S,38.48,无后续行情(尾盘/数据缺),-,0.0,,
2025/9/10 20:37,BMNR,B,46.41,无后续行情(尾盘/数据缺),-,0.0,,
2025/9/10 20:37,BILI,S,25.049,无后续行情(尾盘/数据缺),-,0.0,,
2025/9/9 22:28,CRWV,S,99.47,无后续行情(尾盘/数据缺),-,0.0,,
2025/9/9 22:28,BILI,B,24.41,无后续行情(尾盘/数据缺),-,0.0,,
2025/9/9 22:00,CRWV,B,103.112,无后续行情(尾盘/数据缺),-,0.0,,
2025/9/9 22:00,NBIS,B,89.04,无后续行情(尾盘/数据缺),-,0.0,,
2025/9/9 22:00,BILI,S,23.989,无后续行情(尾盘/数据缺),-,0.0,,
2025/9/9 21:32,NBIS,B,93.139,无后续行情(尾盘/数据缺),-,0.0,,
2025/9/9 21:32,XPEV,S,20.7,无后续行情(尾盘/数据缺),-,0.0,,
2025/9/9 21:30,XPEV,S,20.65,无后续行情(尾盘/数据缺),-,0.0,,
2025/9/9 20:54,CRWV,B,98.387,无后续行情(尾盘/数据缺),-,0.0,,
2025/9/9 20:54,SOXS,S,6.8,无后续行情(尾盘/数据缺),-,0.0,,
2025/9/9 16:05,BILI,B,23.615,无后续行情(尾盘/数据缺),-,0.0,,
2025/9/9 00:50,CRWV,S,94.68,无后续行情(尾盘/数据缺),-,0.0,,
2025/9/9 00:50,SOXS,B,6.915,无后续行情(尾盘/数据缺),-,0.0,,
2025/9/9 00:17,TSLL,S,13.24,无后续行情(尾盘/数据缺),-,0.0,,
2025/9/9 00:17,SOXS,B,6.89,无后续行情(尾盘/数据缺),-,0.0,,
2025/9/8 23:48,TSLL,S,13.2,无后续行情(尾盘/数据缺),-,0.0,,
2025/9/8 23:48,SOXS,B,6.849,无后续行情(尾盘/数据缺),-,0.0,,
2025/9/8 22:55,BABX,B,35.49,无后续行情(尾盘/数据缺),-,0.0,,
2025/9/8 22:55,TSLL,S,13.419,无后续行情(尾盘/数据缺),-,0.0,,
2025/9/8 22:55,XPEV,B,20.652,无后续行情(尾盘/数据缺),-,0.0,,
2025/9/8 22:33,CRWV,B,95.1,无后续行情(尾盘/数据缺),-,0.0,,
2025/9/8 22:33,BABX,S,35.249,无后续行情(尾盘/数据缺),-,0.0,,
2025/9/8 22:33,TSLL,S,13.58,无后续行情(尾盘/数据缺),-,0.0,,
2025/9/8 22:05,BABX,S,35.555,无后续行情(尾盘/数据缺),-,0.0,,
2025/9/8 22:05,TSLL,S,20.598,无后续行情(尾盘/数据缺),-,0.0,,
2025/9/8 22:05,XPEV,B,20.598,无后续行情(尾盘/数据缺),-,0.0,,
2025/9/5 21:42,BABX,B,30.15,无后续行情(尾盘/数据缺),-,0.0,,
2025/9/5 21:42,TSLL,B,13.601,无后续行情(尾盘/数据缺),-,0.0,,
2025/9/5 21:42,NAIL,S,96.105,无后续行情(尾盘/数据缺),-,0.0,,
